{"parent":"minecraft:recipes/root","criteria":{"requirement":{"trigger":"minecraft:inventory_changed","conditions":{"items":[{"items":["minecraft:bone_meal"]}]}}},"rewards":{"recipes":["2re:quick/flower_duplication/cornflower","2re:quick/flower_duplication/blue_orchid","2re:quick/flower_duplication/allium","2re:quick/flower_duplication/pink_tulip","2re:quick/flower_duplication/rose_bush","2re:quick/flower_duplication/lily_of_the_valley","2re:quick/flower_duplication/peony","2re:quick/flower_duplication/poppy","2re:quick/flower_duplication/flowering_azalea","2re:quick/flower_duplication/oxeye_daisy","2re:quick/flower_duplication/azure_bluet","2re:quick/flower_duplication/red_tulip","2re:quick/flower_duplication/sunflower","2re:quick/flower_duplication/dandelion","2re:quick/flower_duplication/white_tulip","2re:quick/flower_duplication/lilac","2re:quick/flower_duplication/orange_tulip"]}}