{"parent":"minecraft:recipes/root","criteria":{"requirement":{"trigger":"minecraft:inventory_changed","conditions":{"items":[{"tag":"minecraft:dark_oak_logs"}]}}},"rewards":{"recipes":["2re:wood_cut/dark_oak/fence_gate","2re:wood_cut/dark_oak/doors","2re:wood_cut/dark_oak/sign","2re:wood_cut/dark_oak/slabs","2re:wood_cut/dark_oak/planks","2re:wood_cut/dark_oak/button","2re:wood_cut/dark_oak/stairs","2re:wood_cut/dark_oak/fence","2re:wood_cut/dark_oak/pressure_plates","2re:wood_cut/dark_oak/trapdoor"]}}