{"parent":"minecraft:recipes/root","criteria":{"requirement":{"trigger":"minecraft:inventory_changed","conditions":{"items":[{"tag":"minecraft:mangrove_logs"}]}}},"rewards":{"recipes":["2re:wood_cut/mangrove/fence_gate","2re:wood_cut/mangrove/doors","2re:wood_cut/mangrove/sign","2re:wood_cut/mangrove/slabs","2re:wood_cut/mangrove/planks","2re:wood_cut/mangrove/button","2re:wood_cut/mangrove/stairs","2re:wood_cut/mangrove/fence","2re:wood_cut/mangrove/pressure_plates","2re:wood_cut/mangrove/trapdoor"]}}