{"parent":"minecraft:recipes/root","criteria":{"requirement":{"trigger":"minecraft:inventory_changed","conditions":{"items":[{"items":["minecraft:redstone"]}]}}},"rewards":{"recipes":["2re:detector_rail","2re:quick/repeater","2re:new/ores/deepslate/redstone","2re:new/ores/deepslate/redstone","2re:new/ores/deepslate/redstone","2re:new/ores/deepslate/redstone","2re:new/ores/deepslate/redstone","2re:new/ores/deepslate/redstone","2re:new/ores/deepslate/redstone","2re:new/ores/deepslate/redstone","2re:new/ores/stone/redstone","2re:new/ores/stone/redstone","2re:new/ores/stone/redstone","2re:new/ores/stone/redstone","2re:new/ores/stone/redstone","2re:new/ores/stone/redstone","2re:new/ores/stone/redstone","2re:new/ores/stone/redstone"]}}